Name,Email,PhoneNumber,TransactionAmount,TransactionDate
Norma Fisher,ysullivan@yahoo.com,593.824.2194x8924,5063.87,1976-09-20
Stephanie Sutton,gomezleslie@hotmail.com,877.840.8016,2746.56,2018-05-02
Mary Smith,john51@gmail.com,001-332-871-1587,3032.49,1977-06-03
Eddie Martinez,tamaramorrison@hotmail.com,719-659-3423x2094,9121.41,2002-06-06
Michael Anderson,kirbyrachael@vega.net,396.947.7515,7169.02,2011-09-13
  Kevin Rogers  ,allennelson@robinson.com,230-989-1013,3184.56,2011/04/06
Barbara Davis,jacobsjames@robbins.com,001-008-691-4131x4562,-4424.49,1974-02-26
Amanda Garcia,jorgestrong@yahoo.com,001-230-225-8419,5429.15,2000-02-06
Alexis Maldonado,paul42@hotmail.com,001-071-508-4237x594,3787.5,2015-10-29
  Travis Schultz  ,paul61@wheeler.com,(337)696-0696,807.23,2022-07-19
Amber Griffin,seandyer@hotmail.com,+1-007-547-0638x120,3852.09,1997-05-06
Jennifer Smith,bairdemma@davis.com,217-610-4714x285,5754.92,1977-11-01
Diana Smith,eringrantmays-browning.com,001-977-658-2369x4022,4813.09,1988-06-20
Richard Higgins,williamsfrank@hotmail.com,568-241-7304x2814,3258.62,1997/06/08
  Elizabeth Rodriguez  ,zrogersyahoo.com,717-604-5229,9091.16,23-07-1995
Wendy Miller,karabrown@garcia.net,779-361-5349x2635,3638.41,1977/10/29
  Scott Miles  ,davidsanders@gmail.com,10392137658x2197,2026.82,06-02-1980
Margaret Henderson,martha73@hotmail.com,+1-305-550-8249x269,6433.95,1990/01/12
Renee Jones@#,jonesdavidsmith-anthony.com,(275)868-8091,1913.49,2016-03-05
Kelly Greene,nbullock@nichols-george.info,(993)002-4894x5174,486.31,1990-08-10
Janet Reyes,johnblair@brown-johnson.biz,(791)2560976,4663.42,2001-03-24
John Hernandez,crystalgarcia@banks.info,097-951-9426,-5562.06,2024-05-24
  Patrick Rosario  ,benjaminmyers@sherman-gibson.com,0740899331,3457.48,2022-10-31
Stacy Chan,sonia26@hotmail.com,(116)116-2076x60754,4085.62,1975/05/07
  Bryan Holt  ,gregory35@gmail.com,+1-230-310-4509x322,3724.35,2000-11-24
Gregory Haley,levymichael@woodward-phillips.net,+1-529-118-9426x2235,372.47,2004-08-04
Paul Carter,callahancarolyn@yahoo.com,126-486-2964,8827.14,2013-05-06
David Chen,aortiz@valenzuela.info,2141892762,9994.15,2022/03/28
Christopher Chung,michaelwelch@gmail.com,340.797.0341x4892,3093.39,13-11-1998
Kaitlin Gregory,bramireznelson.com,4689671454,6457.58,2021-05-24
  Christina Miller  ,kevin51@villarreal.com,(448)2983816x86447,2674.61,1995-04-21
  Brenda Martinez  ,dmorales@castro.com,+1-763-778-5707x4270,8705.82,2012/04/08
  Henry Myers  ,mcdanielchristopher@middleton.com,+1-044-329-4316x756,9378.23,1981/06/14
Matthew Mcdaniel,jfitzpatrick@stewart.com,(676)337-3906x0312,9017.37,1994-09-29
Mark Thompson,bushwilliamyahoo.com,0015670886977x47354,3267.42,1972-11-15
Christopher Smith@#,brycepatterson@arellano.net,735.919.1558,2824.26,2001-01-05
Dawn Boyd,christopher85hood.com,8647530481x0777,-5182.81,1973-03-25
Jennifer Snyder@#,millerjohn@gmail.com,(379)168-6023x73245,8392.57,1991-10-01
Ashley Lam DDS,kimberly89@herrera-green.com,1912633408,8933.44,2005-01-24
Anthony Cruz,maddoxannettegmail.com,18433184535x74922,-7473.68,2025/02/07
Jonathan Richardson,nataliemoore@dixon.com,001-379-332-3659x92719,5807.38,1971-10-09
Heather Bryant,angelamartin@lamb-mclaughlin.net,142-963-5460x30535,-3521.06,2000-01-09
Mary Perez,kevinkelly@hotmail.com,2507003003,3919.33,2014/07/01
Roberto Cooper,patriciarobinsonyahoo.com,(542)5660648,3718.12,2006/02/27
Veronica Bush,ortizpetermason.net,001-215-323-0282x1691,6767.29,2012-03-23
Michelle Mendez,matthew60@randolph.com,+1-273-852-6547x60484,1940.11,2007-06-17
Andrew Schmidt,bryantjennifer@yahoo.com,(700)4049438x856,1398.51,1987-01-21
Keith Rivera,francisco25@wilkins.com,(544)5769620x290,754.9,2000/01/27
Timothy Fry@#,julie31hotmail.com,(428)212-9188x96644,3239.0,1989/05/23
Richard Weiss,amanda85@yahoo.com,620.829.6570,4974.53,2008-03-20
Mallory Lindsey,coxtina@frazier.com,+1-703-934-2619x7378,1981.66,2024-11-26
Ashlee Lopez,reillycynthia@yahoo.com,659-514-0704x366,8498.3,24-08-1999
  Lori Price  ,kgomez@elliott.com,6782019550,8584.82,1974-09-21
Brian Fernandez@#,sarah05@whitehead-joyce.com,(292)6480222x70808,2799.59,2017/01/13
  Lynn Herring  ,millergreg@yahoo.com,454.487.2782,7143.61,1972/08/17
Cassandra Hunt,leekrystal@hotmail.com,782.527.8081,375.03,2005/03/24
  Robert Miller  ,ashley56@hotmail.com,(125)0220593x060,5446.35,2017-07-22
James Williams,samantha16@alexander.org,001-449-762-0743x61511,6286.36,1971/10/13
Christopher Gilbert,stephen87@miller-williams.biz,0811551702x840,9109.01,1970-01-19
Christopher Kelley,gregmccall@frazier.com,7603345235,1810.19,1985-05-20
Jason Cox,acunninghamconrad.biz,0012200580001x992,9336.32,2022-12-19
Richard French,rbradley@yahoo.com,0013258386126x951,8175.88,1999-05-15
Danielle James,deannasandershotmail.com,448-580-9973,5616.73,1988-10-20
  Frank Yates  ,thomasphilip@simon-bray.biz,7972257629,4411.86,1989/04/22
Ashley Richardson,katie80@wiley.com,0019546048606x4635,610.33,1979/02/17
Louis Martin@#,pford@hotmail.com,001-168-822-2323x082,612.23,2003-07-21
Stephen Fitzgerald,langrobinyahoo.com,0014258582684x36567,-3628.21,2004-10-23
  Jason Sullivan  ,dylansilva@bush.com,+1-981-492-6100x157,1214.59,1991-08-31
Jesse Silva,oburnett@gmail.com,+1-818-202-8693,1758.86,1999/10/27
Jennifer Smith,cjackson@brown.org,(538)707-9148x7867,8024.34,1988-01-21
Joshua Moore,ejoneslong-benton.net,4731425120,-107.55,2015/04/17
Justin Smith,gklein@yahoo.com,15510337443,4164.11,1970/08/12
Travis Hicks MD,ashley35@valencia-thomas.com,754.692.1658,4027.12,2002-01-18
Michael Chen,zramirez@hotmail.com,174-172-5325x7316,7944.82,1996-06-14
Joel Walls,fshaw@edwards.com,756-360-9061,4260.34,1987-12-06
  Gabriel Wilson  ,hallbradley@yahoo.com,+1-021-993-1730,-1956.76,2005-05-27
  Sarah Jones  ,jeremyperry@aguirre-graham.biz,001-094-095-5572x98141,5406.6,2018-08-24
Alexander Thomas,qclark@harris-romero.com,+1-171-877-2785,2728.89,1978/10/09
James Cunningham@#,shawnbell@yahoo.com,7086736347,5774.32,2002/05/01
Jeremy Ward,tanyaboyd@gmail.com,481.025.0592,-5913.64,2022-02-09
Jeanette Lopez,garywilliams@yahoo.com,001-835-288-9962x97939,1551.9,2000-01-14
John Munoz,aaronbrown@gmail.com,931.864.5732x585,6309.4,2018-10-29
Jeffrey Alvarado,thomaskaren@gmail.com,(783)5006316x9968,6940.02,1984-04-28
Tonya Barnett,omar81@gmail.com,+1-703-695-4103x909,4714.82,2004-11-19
  John Rodriguez  ,natalie36@yahoo.com,0018539410259x9718,-6173.54,2002-08-17
  James Brennan  ,ilawsonmcclure.biz,044.615.4593,6831.59,13-09-2020
  Kimberly Morgan  ,rebeccaweiss@roy.com,+1-861-491-8192x708,6966.83,2023-03-18
Brent Huff,heatherhayden@harris-hale.info,(245)833-7524x801,1599.38,2014-12-07
Elizabeth Mccarthy,milleralexis@gmail.com,(438)8571688,9094.96,1997-11-05
Kevin Ford,kennethfuller@hotmail.com,0014000415584x038,9394.35,1979/07/13
Anthony Price,jonedwardshotmail.com,716.528.0376x0314,475.6,1976/09/12
Sue Horne,alicia18@porter.biz,(702)853-3234x22848,2772.68,1971-11-09
Sean Bowen,katherineanderson@maldonado.com,001-073-062-6863x688,9290.57,2003-07-25
Scott Patel,nixontonya@foster.com,16412933008x17372,-1544.86,2010-10-26
Katrina Smith,elizabeth54@may.com,+1-657-472-7455x966,9206.06,2009-05-20
Steven Evans,ryanbaker@hicks.net,001-887-546-4780x34710,-3183.95,1983/09/12
Savannah Werner,sheilalopez@solomon.com,14000924367x551,1936.38,2009-08-11
Brian Johnson,wheelerjoseph@clark.com,(729)986-9300,349.48,1999/09/06
Amanda Holland,barnesmartinhowe.com,(547)795-4172,9786.82,1977/04/30
  Kristin Sullivan  @#,mlambert@yahoo.com,001-219-127-4164x41588,9184.26,2024/07/25
Andrew Smith,russellkristen@blackwell-edwards.com,6930360096,1721.93,1979/01/06
Michele Russell,jjohns@pugh.com,974-443-6008,5526.25,2022-08-30
Sherri Fowler,marissaromero@ashley.com,(591)153-4757,2535.98,2002/01/07
Angela Stewart@#,jdaniels@yahoo.com,132.685.2122x06911,2774.03,2005-09-07
Eric Mays,uvargashotmail.com,+1-978-538-0655x80391,1094.27,2002-05-06
Jeffrey Montgomery,villegasashley@dunlap.com,776-037-5207x826,2325.37,2017-04-26
Shawn Webb,mlutz@thompson.biz,001-286-635-6433,5486.54,08-05-1987
  Kimberly Glenn  ,vallen@hotmail.com,+1-253-248-2891x7732,672.21,2010-11-08
David Pham,kellyhill@gmail.com,(650)033-9287x148,8143.36,1989-08-01
Jennifer Edwards,boyerdaringmail.com,249-874-8675x31118,5217.0,12-03-1971
Lauren Rivera,andrewkramer@collins.com,001-998-344-2293x22347,9528.59,2023-08-28
Nicholas Nelson,rachelbeck@gonzalez.com,(872)419-4930x239,7832.22,2015/12/19
  Cameron Washington  ,stefanie27@beck-ramos.com,+1-315-745-8943x48612,4356.07,1995-07-23
Kevin Pearson,qthomas@herrera.com,756-805-6682x892,7296.37,2014/08/24
Luis Black@#,taylormyersgmail.com,861-872-0333,-6504.16,1976/06/22
Jennifer Clay,jefferydavis@palmer.com,+1-989-696-4790,4295.65,1993/11/14
Randy Harris,scottholmes@petersen.com,719.446.5419x175,4033.77,2011-09-09
Anita Callahan,melodywashingtongmail.com,521.855.1533x48666,4030.23,1972/05/31
  Billy Soto  ,mariaburns@richards.biz,312-278-6204x791,1396.5,2016-06-10
Timothy Garcia@#,johnsonjennifer@miller.com,0018623198273x032,7855.58,2018/02/09
  Pamela Thomas  ,carlosramirez@dean-ray.com,001-601-270-5546,4520.87,1996-07-28
Victoria Delgado,watkinsdouglaslewis.com,(988)259-8634x17434,-266.79,2022-09-26
Jacob Cole,xwilliams@yahoo.com,967.998.3204x16437,2625.38,2002-01-15
Jared Franklin,heatherclark@yahoo.com,001-106-459-3562x135,5662.04,2021-10-19
Kaitlyn Thompson,asweeney@yahoo.com,0011187210867,-7373.58,1986-02-27
Nathan Henderson,kevinrose@hotmail.com,+1-502-015-5733x59748,5245.65,1981-08-26
Jennifer Garcia,jenny48@mason.com,894-031-2722,9237.71,2001-08-29
Ronald Jackson,hsmith@collins.biz,463.798.8526,-7448.69,2013-07-16
Leah Waller,michael57@farrell.com,(422)375-0579x430,7806.13,08-12-1976
  Joseph Santana  @#,mbeanarnold-johnson.biz,750.393.1721x886,9480.94,2011-09-30
Blake Johnson,jocelyn03@hotmail.com,678-410-1566x6347,4181.18,1997/04/04
  Lori Reid  ,raymondsummers@yahoo.com,0019947854692x506,4989.62,1999-11-20
Emily Maldonado,nicholasweber@gmail.com,(711)290-3208,7150.97,2016-03-18
Jeffrey Roberts,susan02@yahoo.com,(117)444-6094,8431.89,1992/07/31
Andrea Hubbard,sarahgibson@yahoo.com,+1-361-600-1504,9490.15,1991-01-07
Andrew Williams,lbankssmith.net,(111)913-1761,9407.71,1977-11-01
Scott Benitez,taylornathan@dixon-miller.net,8316585898,2672.17,13-09-1996
Dana Steele,xhorn@campbell.com,2432217724,8048.92,1987-09-29
Shelby Jackson,james18@yahoo.com,(453)193-5614,2452.12,2022-09-20
  Jasmine Kelly  @#,phillipburchyahoo.com,+1-424-041-5604,7599.76,1985-06-06
Vanessa Fuentes,mike81jimenez.org,001-164-040-0925,8281.51,1981-09-14
  Cynthia Dunn  ,daykaren@gibson.info,0019555106527,5615.79,1985/07/09
  Morgan Fields  ,estradasarah@hotmail.com,0017662266734x1290,9274.14,1990-06-21
Nicole Garcia,gregory48@fisher.info,495-444-6980,6675.98,2004-01-09
  Kayla Shaw  ,jessica60gmail.com,(814)007-6858x78787,6383.12,2009/05/06
Kevin Johnson@#,kylejones@gmail.com,(972)757-2747,6275.34,1993-03-20
  Miranda Braun  ,sandra46@santos.com,221.530.0771x98027,2535.74,2008-04-27
David Turner,cdurham@garcia-garcia.com,495-207-6631x6476,-5482.54,2015-07-21
  James Patterson II  ,josephpacheco@yahoo.com,5475327253x72189,6448.84,2011-02-20
  Evan Miller  ,josephkelly@hotmail.com,165-545-0342,5514.79,1981-07-21
Caitlin Benjamin@#,peggy10@garner-myers.info,+1-220-121-6914x19913,4460.96,2020-11-16
Sarah Powell,wpark@sims-lucas.biz,2213857158x647,-7310.91,2025-01-16
Gregory Porter@#,martinezkathy@garcia-walton.com,233-985-7597x84409,427.53,2016-07-28
Catherine Gonzalez@#,scott10moreno-rice.org,001-866-595-3572,9008.6,2005-05-12
Sarah Hester,aaronhoffmangmail.com,(105)431-0325,1823.98,1996-01-19
Dr. Lisa Rollins,philipwilliams@hotmail.com,907.062.3192,37.83,2023-08-10
Douglas Phillips@#,alexandra75yahoo.com,478.565.6403x74662,7886.37,1982-03-05
  Trevor Jackson  ,boothjoseph@martin.com,362.108.0119x2293,-4660.96,2013-12-19
Brett Bennett@#,ashley83@walker.com,2613224452,5437.63,2000/04/28
Mrs. Ariel Davis,lopezryan@lang.org,517-974-3605,6209.63,1992-07-25
Brandon Hill@#,connerchristine@gmail.com,(895)716-4740,1617.17,1997-07-11
Rhonda Bryant,lindsayturnerlawson-burns.info,9526042921,36.02,1998/08/30
Kayla Chavez,vunderwood@holt.com,0012113137306,8223.26,1992/06/11
Kevin Ramos,morgan63@mcgee.biz,001-539-542-2431x562,6703.27,1990/07/16
Michelle Dean,ejohnson@house.com,938-135-7891,1292.09,02-08-2022
Steven Cannon,nparsons@brown.org,273.849.9125,4303.96,2007-02-11
April Benitez,patricia39@yahoo.com,9651545149,9979.47,23-02-1980
Nathaniel Hood,reynoldslori@hotmail.com,402.978.1001x266,3147.86,2010-09-05
Daniel Kelley@#,fosterlisa@kirby.com,16838593067x8035,4152.6,2001-02-23
Laura Lewis,cartermarcus@torres.biz,061-972-6366x287,4052.07,2012-05-23
Heidi Williams,williamtucker@daniel.com,051-298-9286x4052,7637.93,1973-01-10
Michelle Estrada,xhensley@gmail.com,001-394-351-4754x04154,6307.67,1983-04-03
Crystal Krause,ginamartinez@ortega-cordova.com,(080)8614384x1186,6092.6,2015-11-15
  Cassie Salinas  ,gordon43@hotmail.com,001-317-356-4512,5403.62,2001/07/19
Heather Anderson,utate@hotmail.com,724-061-7921x1634,3505.44,2012-08-01
Tom Potts,knightrichard@hotmail.com,(853)321-1892x45783,4029.57,1999-05-28
Tara George,howard05@garcia.org,181.789.7459,9843.9,1976-03-02
Mark Powell,vickiestrong@yahoo.com,001-172-017-4547x0553,9642.82,1994-01-05
  Vanessa Browning  @#,andrehanna@hotmail.com,+1-469-081-5062,9348.93,1976-04-23
Amber Mcintyre,karenward@hotmail.com,3654017463,6854.29,1980-12-01
  Jodi Moore  ,ashleyfrazier@davis.com,744.958.5798,992.21,2022-10-12
Carlos Lewis,taylorbob@davis.biz,760.985.8329x484,-8255.14,2015-10-14
  Joseph Williams  ,qbaker@rojas-nicholson.org,001-484-771-9451x650,5123.11,2025-01-29
Vincent Espinoza@#,ashleycontrerassmith.info,807-348-4436,8840.32,2011-01-23
  John Rivera  ,petersonchristopher@yahoo.com,454.932.8774x711,4500.8,2016/10/03
Kristen Rowe MD,brian52@yahoo.com,088.454.9515x0792,1728.29,1994/06/04
Elizabeth Baker,wmoorewilson.com,(769)0500743x2716,591.77,2008-03-29
Brian Brown,xwarrenhotmail.com,1579545308x3780,8099.82,2016-02-27
  Emma Warren  ,hoffmananthonyryan.com,001-787-627-4205,5538.6,2015-12-19
Ryan Peterson,peterbrown@hotmail.com,295-920-0829,-885.08,1980-07-17
Chris Lopez,woodmax@hotmail.com,001-039-055-5195x51635,5040.68,2009/02/20
Chris Huff,sheilawagner@flores.net,+1-919-254-7472x6651,7557.66,1991-08-03
Scott White,brooksnathaniel@hotmail.com,(263)329-7969x305,1206.63,1979-04-16
Jason Hull,ferrellkeith@gonzalez.com,(977)966-6042x2518,4262.41,2012-05-22
Kenneth Price,andrew75@lin-romero.com,907-243-5049x6303,4404.47,2024-03-05
Brandi King,rachelpricebooth.info,+1-209-665-4247x469,3826.04,1986-05-29
Julia Galvan,tylerdavid@doyle.biz,846.144.2234,4815.45,15-11-1978
Daniel Ray,garciawhitney@andrews-campbell.com,951-645-9884x188,9840.11,2025/01/20
  Glenn Coleman  ,pamela93@gmail.com,(619)4852002x65055,7951.83,19-02-2005
Tamara Anthony@#,garciaangelagmail.com,862-010-5369x16351,9342.95,1977-01-06
